Score,Composer
227.musicxml,Maurice Ravel
296.musicxml,Wolfgang Amadeus Mozart
113.musicxml,Johann Sebastian Bach
166.musicxml,Ludwig van Beethoven
247.musicxml,Sergei Rachmaninoff
304.musicxml,Wolfgang Amadeus Mozart
278.musicxml,Wolfgang Amadeus Mozart
164.musicxml,Ludwig van Beethoven
233.musicxml,Robert Schumann
184.musicxml,Ludwig van Beethoven
107.musicxml,Johann Sebastian Bach
046.musicxml,Franz Schubert
148.musicxml,Ludwig van Beethoven
110.musicxml,Johann Sebastian Bach
072.musicxml,Johann Sebastian Bach
250.musicxml,Sergei Rachmaninoff
249.musicxml,Sergei Rachmaninoff
150.musicxml,Ludwig van Beethoven
302.musicxml,Wolfgang Amadeus Mozart
209.musicxml,Ludwig van Beethoven
159.musicxml,Ludwig van Beethoven
236.musicxml,Robert Schumann
028.musicxml,Franz Liszt
180.musicxml,Ludwig van Beethoven
299.musicxml,Wolfgang Amadeus Mozart
260.musicxml,Wolfgang Amadeus Mozart
201.musicxml,Ludwig van Beethoven
176.musicxml,Ludwig van Beethoven
034.musicxml,Franz Liszt
088.musicxml,Johann Sebastian Bach
259.musicxml,Wolfgang Amadeus Mozart
281.musicxml,Wolfgang Amadeus Mozart
142.musicxml,Ludwig van Beethoven
208.musicxml,Ludwig van Beethoven
109.musicxml,Johann Sebastian Bach
128.musicxml,Ludwig van Beethoven
264.musicxml,Wolfgang Amadeus Mozart
189.musicxml,Ludwig van Beethoven
183.musicxml,Ludwig van Beethoven
044.musicxml,Franz Schubert
175.musicxml,Ludwig van Beethoven
091.musicxml,Johann Sebastian Bach
172.musicxml,Ludwig van Beethoven
085.musicxml,Johann Sebastian Bach
221.musicxml,Maurice Ravel
055.musicxml,Franz Schubert
016.musicxml,Claude Debussy
020.musicxml,Claude Debussy
071.musicxml,Johann Sebastian Bach
187.musicxml,Ludwig van Beethoven
124.musicxml,Ludwig van Beethoven
192.musicxml,Ludwig van Beethoven
295.musicxml,Wolfgang Amadeus Mozart
141.musicxml,Ludwig van Beethoven
204.musicxml,Ludwig van Beethoven
232.musicxml,Robert Schumann
043.musicxml,Franz Schubert
291.musicxml,Wolfgang Amadeus Mozart
225.musicxml,Maurice Ravel
152.musicxml,Ludwig van Beethoven
228.musicxml,Maurice Ravel
307.musicxml,Wolfgang Amadeus Mozart
005.musicxml,Claude Debussy
254.musicxml,Sergei Rachmaninoff
097.musicxml,Johann Sebastian Bach
153.musicxml,Ludwig van Beethoven
267.musicxml,Wolfgang Amadeus Mozart
154.musicxml,Ludwig van Beethoven
268.musicxml,Wolfgang Amadeus Mozart
279.musicxml,Wolfgang Amadeus Mozart
062.musicxml,Johann Sebastian Bach
031.musicxml,Franz Liszt
300.musicxml,Wolfgang Amadeus Mozart
269.musicxml,Wolfgang Amadeus Mozart
125.musicxml,Ludwig van Beethoven
234.musicxml,Robert Schumann
242.musicxml,Robert Schumann
030.musicxml,Franz Liszt
122.musicxml,Johann Sebastian Bach
244.musicxml,Sergei Rachmaninoff
108.musicxml,Johann Sebastian Bach
045.musicxml,Franz Schubert
093.musicxml,Johann Sebastian Bach
117.musicxml,Johann Sebastian Bach
024.musicxml,Franz Liszt
288.musicxml,Wolfgang Amadeus Mozart
132.musicxml,Ludwig van Beethoven
094.musicxml,Johann Sebastian Bach
056.musicxml,Franz Schubert
257.musicxml,Sergei Rachmaninoff
282.musicxml,Wolfgang Amadeus Mozart
102.musicxml,Johann Sebastian Bach
018.musicxml,Claude Debussy
253.musicxml,Sergei Rachmaninoff
077.musicxml,Johann Sebastian Bach
163.musicxml,Ludwig van Beethoven
121.musicxml,Johann Sebastian Bach
286.musicxml,Wolfgang Amadeus Mozart
158.musicxml,Ludwig van Beethoven
074.musicxml,Johann Sebastian Bach
041.musicxml,Franz Schubert
035.musicxml,Franz Liszt
251.musicxml,Sergei Rachmaninoff
134.musicxml,Ludwig van Beethoven
007.musicxml,Claude Debussy
118.musicxml,Johann Sebastian Bach
064.musicxml,Johann Sebastian Bach
193.musicxml,Ludwig van Beethoven
139.musicxml,Ludwig van Beethoven
095.musicxml,Johann Sebastian Bach
217.musicxml,Ludwig van Beethoven
073.musicxml,Johann Sebastian Bach
239.musicxml,Robert Schumann
029.musicxml,Franz Liszt
087.musicxml,Johann Sebastian Bach
130.musicxml,Ludwig van Beethoven
079.musicxml,Johann Sebastian Bach
075.musicxml,Johann Sebastian Bach
022.musicxml,Claude Debussy
078.musicxml,Johann Sebastian Bach
229.musicxml,Maurice Ravel
167.musicxml,Ludwig van Beethoven
275.musicxml,Wolfgang Amadeus Mozart
120.musicxml,Johann Sebastian Bach
081.musicxml,Johann Sebastian Bach
165.musicxml,Ludwig van Beethoven
089.musicxml,Johann Sebastian Bach
202.musicxml,Ludwig van Beethoven
305.musicxml,Wolfgang Amadeus Mozart
266.musicxml,Wolfgang Amadeus Mozart
042.musicxml,Franz Schubert
086.musicxml,Johann Sebastian Bach
261.musicxml,Wolfgang Amadeus Mozart
000.musicxml,Claude Debussy
284.musicxml,Wolfgang Amadeus Mozart
162.musicxml,Ludwig van Beethoven
049.musicxml,Franz Schubert
190.musicxml,Ludwig van Beethoven
112.musicxml,Johann Sebastian Bach
308.musicxml,Wolfgang Amadeus Mozart
002.musicxml,Claude Debussy
258.musicxml,Sergei Rachmaninoff
038.musicxml,Franz Liszt
265.musicxml,Wolfgang Amadeus Mozart
226.musicxml,Maurice Ravel
181.musicxml,Ludwig van Beethoven
149.musicxml,Ludwig van Beethoven
111.musicxml,Johann Sebastian Bach
256.musicxml,Sergei Rachmaninoff
306.musicxml,Wolfgang Amadeus Mozart
243.musicxml,Sergei Rachmaninoff
144.musicxml,Ludwig van Beethoven
147.musicxml,Ludwig van Beethoven
272.musicxml,Wolfgang Amadeus Mozart
033.musicxml,Franz Liszt
023.musicxml,Claude Debussy
017.musicxml,Claude Debussy
040.musicxml,Franz Schubert
255.musicxml,Sergei Rachmaninoff
123.musicxml,Johann Sebastian Bach
155.musicxml,Ludwig van Beethoven
215.musicxml,Ludwig van Beethoven
195.musicxml,Ludwig van Beethoven
212.musicxml,Ludwig van Beethoven
069.musicxml,Johann Sebastian Bach
237.musicxml,Robert Schumann
230.musicxml,Maurice Ravel
213.musicxml,Ludwig van Beethoven
063.musicxml,Johann Sebastian Bach
171.musicxml,Ludwig van Beethoven
012.musicxml,Claude Debussy
298.musicxml,Wolfgang Amadeus Mozart
058.musicxml,Franz Schubert
287.musicxml,Wolfgang Amadeus Mozart
048.musicxml,Franz Schubert
060.musicxml,Franz Schubert
010.musicxml,Claude Debussy
191.musicxml,Ludwig van Beethoven
136.musicxml,Ludwig van Beethoven
276.musicxml,Wolfgang Amadeus Mozart
210.musicxml,Ludwig van Beethoven
206.musicxml,Ludwig van Beethoven
303.musicxml,Wolfgang Amadeus Mozart
051.musicxml,Franz Schubert
039.musicxml,Franz Liszt
245.musicxml,Sergei Rachmaninoff
014.musicxml,Claude Debussy
214.musicxml,Ludwig van Beethoven
263.musicxml,Wolfgang Amadeus Mozart
179.musicxml,Ludwig van Beethoven
011.musicxml,Claude Debussy
084.musicxml,Johann Sebastian Bach
025.musicxml,Franz Liszt
059.musicxml,Franz Schubert
047.musicxml,Franz Schubert
099.musicxml,Johann Sebastian Bach
219.musicxml,Ludwig van Beethoven
198.musicxml,Ludwig van Beethoven
098.musicxml,Johann Sebastian Bach
211.musicxml,Ludwig van Beethoven
199.musicxml,Ludwig van Beethoven
138.musicxml,Ludwig van Beethoven
297.musicxml,Wolfgang Amadeus Mozart
273.musicxml,Wolfgang Amadeus Mozart
145.musicxml,Ludwig van Beethoven
129.musicxml,Ludwig van Beethoven
182.musicxml,Ludwig van Beethoven
200.musicxml,Ludwig van Beethoven
068.musicxml,Johann Sebastian Bach
090.musicxml,Johann Sebastian Bach
114.musicxml,Johann Sebastian Bach
053.musicxml,Franz Schubert
188.musicxml,Ludwig van Beethoven
231.musicxml,Maurice Ravel
270.musicxml,Wolfgang Amadeus Mozart
057.musicxml,Franz Schubert
131.musicxml,Ludwig van Beethoven
027.musicxml,Franz Liszt
143.musicxml,Ludwig van Beethoven
173.musicxml,Ludwig van Beethoven
106.musicxml,Johann Sebastian Bach
293.musicxml,Wolfgang Amadeus Mozart
168.musicxml,Ludwig van Beethoven
104.musicxml,Johann Sebastian Bach
127.musicxml,Ludwig van Beethoven
065.musicxml,Johann Sebastian Bach
105.musicxml,Johann Sebastian Bach
161.musicxml,Ludwig van Beethoven
126.musicxml,Ludwig van Beethoven
032.musicxml,Franz Liszt
076.musicxml,Johann Sebastian Bach
185.musicxml,Ludwig van Beethoven
135.musicxml,Ludwig van Beethoven
290.musicxml,Wolfgang Amadeus Mozart
009.musicxml,Claude Debussy
289.musicxml,Wolfgang Amadeus Mozart
004.musicxml,Claude Debussy
205.musicxml,Ludwig van Beethoven
092.musicxml,Johann Sebastian Bach
001.musicxml,Claude Debussy
146.musicxml,Ludwig van Beethoven
013.musicxml,Claude Debussy
186.musicxml,Ludwig van Beethoven
238.musicxml,Robert Schumann
003.musicxml,Claude Debussy
222.musicxml,Maurice Ravel
