file,difficulty
13.musicxml,1
80.musicxml,3
chopin_op28_No21.musicxml,6
beethoven_op014_no2_mv1.musicxml,6
beethoven_op079_mv3.musicxml,7
beethoven_op027_no1_mv4.musicxml,8
beethoven_op101_mv3.musicxml,9
134.musicxml,4
chopin_op57.musicxml,7
beethoven_op053_mv1.musicxml,9
chopin_op55_No2.musicxml,6
52.musicxml,1
beethoven_op014_no1_mv1.musicxml,6
chopin_op59_No1.musicxml,6
130.musicxml,5
beethoven_op002_no2_mv4.musicxml,7
chopin_op32_No1.musicxml,5
chopin_op07_No5.musicxml,4
beethoven_op007_mv1.musicxml,8
chopin_op10_No12.musicxml,8
beethoven_op026_mv4.musicxml,7
beethoven_op049_no1_mv1.musicxml,3
beethoven_op110_mv1.musicxml,8
124.musicxml,5
150.musicxml,7
K279-3.musicxml,6
K310-1.musicxml,7
beethoven_op007_mv3.musicxml,8
16.musicxml,1
136.musicxml,5
chopin_op10_No7.musicxml,7
beethoven_op027_no1_mv2.musicxml,8
chopin_op28_No11.musicxml,7
104.musicxml,3
chopin_op09_no3.musicxml,7
60.musicxml,2
8.musicxml,1
chopin_op04_Mv1.musicxml,8
114.musicxml,4
beethoven_op010_no1_mv2.musicxml,7
chopin_op27_No1.musicxml,6
K309-3.musicxml,5
beethoven_op101_mv2.musicxml,9
beethoven_op031_no3_mv3.musicxml,7
beethoven_op054_mv1.musicxml,7
147.musicxml,7
chopin_op04_Mv4.musicxml,8
chopin_op28_No16.musicxml,8
chopin_op34_No1.musicxml,6
K281-2.musicxml,6
chopin_op06_No4.musicxml,5
107.musicxml,3
chopin_op10_No3.musicxml,7
chopin_op25_No3.musicxml,7
120.musicxml,5
beethoven_op081_mv2.musicxml,8
chopin_op24_No3.musicxml,5
99.musicxml,4
beethoven_op014_no1_mv2.musicxml,6
25.musicxml,1
chopin_op62_No1.musicxml,6
chopin_op25_No4.musicxml,8
beethoven_op028_mv4.musicxml,7
112.musicxml,4
7.musicxml,1
K570-2.musicxml,6
beethoven_op081_mv3.musicxml,8
beethoven_op010_no2_mv3.musicxml,7
beethoven_op014_no2_mv2.musicxml,6
chopin_op52.musicxml,9
beethoven_op109_mv1.musicxml,8
beethoven_op106_mv3.musicxml,9
beethoven_op054_mv2.musicxml,7
67.musicxml,2
82.musicxml,3
beethoven_op027_no2_mv1.musicxml,4
beethoven_op101_mv4.musicxml,9
beethoven_op049_no1_mv2.musicxml,3
72.musicxml,3
beethoven_op010_no1_mv1.musicxml,7
chopin_op17_No4.musicxml,5
1.musicxml,1
beethoven_op079_mv1.musicxml,7
beethoven_op057_mv2.musicxml,9
chopin_op29.musicxml,7
beethoven_op078_mv1.musicxml,7
45.musicxml,2
chopin_op35_Mv3.musicxml,4
chopin_op20.musicxml,8
122.musicxml,6
18.musicxml,1
beethoven_op110_mv3.musicxml,8
beethoven_op057_mv1.musicxml,9
108.musicxml,5
K279-1.musicxml,6
34.musicxml,1
27.musicxml,1
106.musicxml,4
110.musicxml,5
149.musicxml,6
beethoven_op109_mv2.musicxml,8
36.musicxml,1
chopin_op28_No15.musicxml,5
chopin_op28_No5.musicxml,7
61.musicxml,2
chopin_op63_No1.musicxml,6
109.musicxml,4
K330-1.musicxml,6
chopin_op10_No6.musicxml,7
K570-1.musicxml,6
chopin_op17_No1.musicxml,5
chopin_op35_Mv4.musicxml,9
75.musicxml,2
46.musicxml,2
chopin_op24_No2.musicxml,4
50.musicxml,2
146.musicxml,8
chopin_op19.musicxml,7
48.musicxml,2
beethoven_op111_mv2.musicxml,9
83.musicxml,3
chopin_op25_No11.musicxml,9
151.musicxml,7
beethoven_op002_no2_mv2.musicxml,7
chopin_op12_vars.musicxml,7
chopin_op10_No5.musicxml,7
beethoven_op027_no1_mv3.musicxml,8
beethoven_op022_mv1.musicxml,7
145.musicxml,7
chopin_op34_No3.musicxml,6
chopin_op17_No2.musicxml,5
47.musicxml,2
chopin_op06_No2.musicxml,5
K311-1.musicxml,6
chopin_op04_Mv2.musicxml,8
51.musicxml,2
139.musicxml,4
chopin_op33_No3.musicxml,4
beethoven_op110_mv4.musicxml,8
30.musicxml,1
153.musicxml,7
chopin_op28_No19.musicxml,7
chopin_op28_No23.musicxml,6
beethoven_op109_mv3.musicxml,8
15.musicxml,1
K533-3.musicxml,7
12.musicxml,1
K283-1.musicxml,5
chopin_op28_No3.musicxml,7
88.musicxml,3
chopin_op07_No1.musicxml,5
chopin_op30_No1.musicxml,5
148.musicxml,6
chopin_op33_No4.musicxml,6
beethoven_op002_no1_mv3.musicxml,6
beethoven_op027_no2_mv3.musicxml,7
chopin_op40_No1.musicxml,5
beethoven_op002_no3_mv4.musicxml,7
chopin_op10_No2.musicxml,8
chopin_op64_No3.musicxml,6
100.musicxml,4
87.musicxml,3
chopin_op47.musicxml,8
chopin_op35_Mv1.musicxml,9
K284-2.musicxml,6
beethoven_op010_no3_mv1.musicxml,7
K309-2.musicxml,5
chopin_op41_No2.musicxml,6
chopin_op44.musicxml,7
chopin_op07_No2.musicxml,5
beethoven_op028_mv2.musicxml,7
K457-1.musicxml,6
chopin_op07_No3.musicxml,5
142.musicxml,7
chopin_op35_Mv2.musicxml,9
69.musicxml,2
42.musicxml,1
81.musicxml,3
118.musicxml,4
64.musicxml,3
19.musicxml,1
chopin_op33_No1.musicxml,5
152.musicxml,7
14.musicxml,1
beethoven_op014_no2_mv3.musicxml,6
beethoven_op022_mv4.musicxml,7
beethoven_op026_mv1.musicxml,7
chopin_op25_No10.musicxml,9
chopin_op62_No2.musicxml,6
chopin_op06_No3.musicxml,5
chopin_op58_Mv1.musicxml,9
chopin_op60.musicxml,8
chopin_op58_Mv2.musicxml,9
chopin_op28_No12.musicxml,8
chopin_op07_No4.musicxml,5
chopin_op55_No1.musicxml,6
70.musicxml,2
143.musicxml,5
K282-3.musicxml,5
17.musicxml,1
103.musicxml,5
K533-1.musicxml,7
90.musicxml,3
chopin_op48_No1.musicxml,7
31.musicxml,1
beethoven_op027_no2_mv2.musicxml,7
41.musicxml,2
128.musicxml,4
K333-3.musicxml,6
57.musicxml,2
beethoven_op090_mv2.musicxml,7
32.musicxml,1
K284-1.musicxml,6
21.musicxml,1
beethoven_op031_no2_mv1.musicxml,8
49.musicxml,2
chopin_op58_Mv4.musicxml,9
chopin_op56_No2.musicxml,6
91.musicxml,3
62.musicxml,2
chopin_op59_No2.musicxml,6
beethoven_op031_no1_mv3.musicxml,8
28.musicxml,1
chopin_op05.musicxml,8
K311-2.musicxml,6
6.musicxml,1
74.musicxml,2
chopin_op41_No4.musicxml,6
beethoven_op027_no1_mv1.musicxml,8
chopin_op56_No3.musicxml,6
chopin_op37_No2.musicxml,6
117.musicxml,5
chopin_op50_No3.musicxml,6
131.musicxml,5
chopin_op43.musicxml,7
K309-1.musicxml,5
chopin_op50_No2.musicxml,6
chopin_op26_No2.musicxml,6
141.musicxml,7
chopin_op28_No2.musicxml,5
4.musicxml,1
89.musicxml,2
chopin_op41_No3.musicxml,6
beethoven_op002_no1_mv4.musicxml,6
chopin_op28_No13.musicxml,6
133.musicxml,5
126.musicxml,5
chopin_op10_No8.musicxml,8
K330-2.musicxml,5
chopin_op30_No4.musicxml,6
137.musicxml,4
K279-2.musicxml,6
K333-1.musicxml,6
38.musicxml,1
K311-3.musicxml,6
37.musicxml,2
chopin_op24_No4.musicxml,6
2.musicxml,1
beethoven_op053_mv2.musicxml,9
K457-2.musicxml,6
chopin_op15_No2.musicxml,6
beethoven_op026_mv2.musicxml,7
chopin_op16.musicxml,8
beethoven_op106_mv1.musicxml,9
chopin_op01.musicxml,7
chopin_op46.musicxml,8
K310-2.musicxml,7
5.musicxml,1
beethoven_op002_no3_mv3.musicxml,7
chopin_op25_No5.musicxml,8
chopin_op38.musicxml,8
chopin_op31.musicxml,7
119.musicxml,4
35.musicxml,1
chopin_op72_No1.musicxml,4
chopin_op45.musicxml,6
chopin_op17_No3.musicxml,5
24.musicxml,1
chopin_op53.musicxml,8
chopin_op64_No1.musicxml,6
116.musicxml,4
beethoven_op010_no3_mv3.musicxml,7
chopin_op59_No3.musicxml,7
chopin_op32_No2.musicxml,6
39.musicxml,2
chopin_op15_No1.musicxml,6
beethoven_op010_no2_mv1.musicxml,7
66.musicxml,2
76.musicxml,2
beethoven_op010_no2_mv2.musicxml,7
K280-3.musicxml,5
23.musicxml,1
beethoven_op007_mv2.musicxml,8
123.musicxml,5
chopin_op36.musicxml,7
chopin_op28_No17.musicxml,7
K281-3.musicxml,6
chopin_op28_No4.musicxml,4
chopin_op28_No8.musicxml,8
beethoven_op031_no1_mv2.musicxml,8
140.musicxml,7
beethoven_op053_mv3.musicxml,9
chopin_op28_No18.musicxml,7
beethoven_op010_no1_mv3.musicxml,7
85.musicxml,3
chopin_op63_No3.musicxml,6
chopin_op30_No2.musicxml,5
chopin_op49.musicxml,8
K576-1.musicxml,7
chopin_op25_No9.musicxml,7
chopin_op25_No2.musicxml,7
beethoven_op090_mv1.musicxml,7
chopin_op34_No2.musicxml,5
beethoven_op028_mv1.musicxml,7
102.musicxml,5
chopin_op64_No2.musicxml,6
59.musicxml,2
101.musicxml,4
beethoven_op013_mv3.musicxml,7
K545-2.musicxml,5
K545-1.musicxml,4
K280-2.musicxml,5
63.musicxml,2
chopin_op28_No7.musicxml,4
chopin_op10_No11.musicxml,7
K533-2.musicxml,7
beethoven_op002_no1_mv2.musicxml,6
beethoven_op049_no2_mv2.musicxml,3
33.musicxml,1
135.musicxml,5
beethoven_op002_no3_mv2.musicxml,7
chopin_op28_No20.musicxml,4
105.musicxml,4
beethoven_op031_no3_mv4.musicxml,7
54.musicxml,2
beethoven_op010_no3_mv2.musicxml,7
chopin_op37_No1.musicxml,5
beethoven_op026_mv3.musicxml,5
chopin_op12_intro.musicxml,7
beethoven_op014_no1_mv3.musicxml,6
beethoven_op079_mv2.musicxml,7
beethoven_op081_mv1.musicxml,8
chopin_op40_No2.musicxml,6
beethoven_op031_no2_mv2.musicxml,8
chopin_op50_No1.musicxml,6
beethoven_op057_mv3.musicxml,9
K331-2.musicxml,5
121.musicxml,4
20.musicxml,1
beethoven_op106_mv4.musicxml,9
95.musicxml,3
chopin_op69_No1_Fontana.musicxml,4
K330-3.musicxml,6
K282-1.musicxml,4
chopin_op61.musicxml,8
K457-3.musicxml,6
144.musicxml,6
71.musicxml,3
beethoven_op022_mv3.musicxml,7
79.musicxml,3
chopin_op42.musicxml,7
beethoven_op002_no1_mv1.musicxml,6
beethoven_op002_no3_mv1.musicxml,7
beethoven_op049_no2_mv1.musicxml,3
beethoven_op111_mv1.musicxml,9
129.musicxml,5
138.musicxml,6
chopin_op06_No1.musicxml,5
111.musicxml,4
